{
  "ents_f": 88.850575845,
  "ents_p": 88.9583744328,
  "ents_r": 88.7430381989,
  "las": 85.8959415068,
  "tags_acc": 80.361257027,
  "token_acc": 100.0,
  "uas": 89.117304228
}